model,MAE,MSE,RMSE,RMSLE,R2 adjusted
RandomForestRegressor_Baseline,6.345105277229988,270.27679968314936,16.440097313676382,,0.8881006994375085
DecisionTreeRegressor_Baseline,7.334105064136177,504.65544861878334,22.46453757856554,,0.7834129462217307
GradientBoostingRegressor_Baseline,9.749377313533321,429.89822814676296,20.73398727082572,,0.827054693460384
KNeighborsRegressor,9.53159786879811,542.2675839666034,23.28663960228275,,0.7971644151144418
RandomForestRegressor_best_params_optuna,8.747465625549003,389.0136882534455,19.72342993126311,,0.8130484768642232
DecisionTreeRegressor_best_params_optuna,14.235550355971489,871.3149581637327,29.518044619583677,,0.6313278987929457
GradientBoostingRegressor_best_params_optuna,7.221773549363494,302.7032656092338,17.398369625031933,,0.8823888509867415
KNeighborsRegressor_best_params_optuna,9.182461918124329,474.0343980693754,21.772331020572313,,0.819349148757023
