model,MAE,MSE,RMSE,R2 adjusted
RandomForestRegressor_Baseline,2.9834641368340136,125.73491312313168,11.213158035233949,0.9478385507706714
DecisionTreeRegressor_Baseline,3.287624081559215,202.11159937113212,14.216595913619129,0.9083903347085143
GradientBoostingRegressor_Baseline,8.312625457002165,328.48672941541486,18.1242028628962,0.8609569512247871
LightGBMRegressor_Baseline,5.126653680484932,168.86269994027896,12.994718155476823,0.9258292691603839
RandomForestRegressor_best_params_optuna,5.909475335787036,203.918258216235,14.279995035581594,0.8324416825150752
DecisionTreeRegressor_best_params_optuna,14.14637438875473,928.6998197705549,30.47457661347496,0.6207139629373748
GradientBoostingRegressor_best_params_optuna,3.890543932824828,124.955106463724,11.178332007223796,0.9533040516901429
LightGBMRegressor_best_params_optuna,4.7480400725122225,187.73470057941597,13.7016313108847,0.9281182074960537
