model,MAE,MSE,RMSE,R2 adjusted
RandomForestRegressor_Baseline,3.1221520130242126,125.3566343623174,11.19627770119683,0.9443038043217531
DecisionTreeRegressor_Baseline,3.360863443393047,188.79723358419002,13.740350562638131,0.9073768761495608
GradientBoostingRegressor_Baseline,8.488705458946026,330.9975004574011,18.193336704887344,0.8509061500726819
LightGBMRegressor_Baseline,5.29579937699664,173.1148084720381,13.157310077369086,0.9201443329687357
RandomForestRegressor_best_params_optuna,6.593381722222319,246.4715920952722,15.69941375005042,0.8262675504719383
DecisionTreeRegressor_best_params_optuna,13.66080148141972,943.0514424550855,30.709142652556835,0.563182723841742
GradientBoostingRegressor_best_params_optuna,3.8906119802674257,117.98338907029823,10.86201588427757,0.9522270949487365
LightGBMRegressor_best_params_optuna,4.277790333087097,148.2598609443202,12.176200595601248,0.9376407629603982
