model,MAE,MSE,RMSE,RMSLE,R2 adjusted
RandomForestRegressor_Baseline,2.983353889729012,126.13634058997889,11.231043610901834,,0.9477431121209098
DecisionTreeRegressor_Baseline,3.2879901947605403,202.12824435406444,14.217181308334801,,0.9084032128560745
GradientBoostingRegressor_Baseline,8.31262578515104,328.48672963259423,18.124202868887618,,0.8609567949450032
RandomForestRegressor_best_params_optuna,5.7557207684317575,199.27477923022283,14.116471911572765,,0.8617535729001868
DecisionTreeRegressor_best_params_optuna,13.765498073519664,902.130466258363,30.03548678244391,,0.6121700461423449
GradientBoostingRegressor_best_params_optuna,3.9309517183761726,128.2448018886405,11.324522148357541,,0.9519552512755242
