model,MAE,MSE,RMSE,RMSLE,R2 adjusted
RandomForestRegressor_Baseline,2.9834641368340136,125.73491312313168,11.213158035233949,,0.9478385507706714
DecisionTreeRegressor_Baseline,3.287624081559215,202.11159937113212,14.216595913619129,,0.9083903347085143
GradientBoostingRegressor_Baseline,8.312625457002165,328.48672941541486,18.1242028628962,,0.8609569512247871
LightGBMRegressor_Baseline,5.126653680484932,168.86269994027896,12.994718155476823,,0.9258292691603839
RandomForestRegressor_best_params_optuna,6.321136327191179,227.3434208954371,15.07791168880615,,0.8118067068138877
DecisionTreeRegressor_best_params_optuna,14.007663452895107,910.8695450763763,30.180615385978733,,0.6255268222526082
GradientBoostingRegressor_best_params_optuna,3.8077260263010104,122.87750500703994,11.085012629990096,,0.953898893858601
LightGBMRegressor_best_params_optuna,5.1748245765398195,198.6915794833753,14.095800065387396,,0.9222099377495035
