model,MAE,MSE,RMSE,RMSLE,R2 adjusted
RandomForestRegressor_Baseline,5.869939707760722,316.18135513315497,17.78148911461453,,0.8892817374170756
DecisionTreeRegressor_Baseline,6.29784568415688,466.33124388445185,21.594704070314368,,0.8443135816858498
GradientBoostingRegressor_Baseline,9.352240181560743,420.08472049522146,20.495968396131506,,0.8347986823197644
KNeighborsRegressor,8.288182505159062,565.7468714026385,23.785434017537675,,0.8055109983223646
RandomForestRegressor_best_params_optuna,7.889088624329449,351.8491112215406,18.757641408810986,,0.8195004092184368
DecisionTreeRegressor_best_params_optuna,13.765289713720906,908.2069728483885,30.136472468561887,,0.61053723111518
GradientBoostingRegressor_best_params_optuna,6.780648612740463,301.31189511572546,17.358337913398433,,0.8917249065352278
KNeighborsRegressor_best_params_optuna,7.396851769071706,490.0797424381647,22.13774474597999,,0.8337300270685107
