model,MAE,MSE,RMSE,RMSLE,R2 adjusted
RandomForestRegressor_Baseline,2.9854550978905205,126.22323439133102,11.234911410034838,,0.9476631886431826
DecisionTreeRegressor_Baseline,3.2869194412822473,202.09028602650923,14.215846300045214,,0.9084197649614406
GradientBoostingRegressor_Baseline,8.312626032514258,328.4867296384696,18.124202869049707,,0.8609567907171586
RandomForestRegressor_best_params_optuna,7.854816635404004,339.2203267064804,18.417934919704773,,0.8029925537094637
DecisionTreeRegressor_best_params_optuna,13.685731567121849,942.8510564203674,30.705879834656542,,0.578633220575665
GradientBoostingRegressor_best_params_optuna,3.639980000633852,121.5124499732175,11.023268570311506,,0.9547667168370862
