model,MAE,MSE,RMSE,R2 adjusted
RandomForestRegressor_Baseline,3.7165991594519205,189.47585173669208,13.765022765571151,0.9253721109235636
DecisionTreeRegressor_Baseline,4.08770559996812,295.562693414076,17.191936872094313,0.8721468082589279
GradientBoostingRegressor_Baseline,8.294158834756077,372.33214725695035,19.295910117352598,0.8403289831414864
LightGBMRegressor_Baseline,5.570144300306688,239.60180040998554,15.47907621306858,0.9043049514165251
RandomForestRegressor_best_params_optuna,8.22037284578762,396.8531711346166,19.92117393967074,0.7449861765074374
DecisionTreeRegressor_best_params_optuna,13.280337656162777,900.6708652564822,30.01117900477224,0.6012290734794403
GradientBoostingRegressor_best_params_optuna,4.511466195563299,180.31491213339618,13.428138818667172,0.9340418565902646
LightGBMRegressor_best_params_optuna,4.9721665747467085,232.1031876521828,15.234933135796258,0.9150685083190576
