model,MAE,MSE,RMSE,R2 adjusted
RandomForestRegressor_Baseline,3.1221520130242126,125.3566343623174,11.19627770119683,0.9443038043217531
DecisionTreeRegressor_Baseline,3.360863443393047,188.79723358419002,13.740350562638131,0.9073768761495608
GradientBoostingRegressor_Baseline,8.488705458946026,330.9975004574011,18.193336704887344,0.8509061500726819
LightGBMRegressor_Baseline,5.29579937699664,173.1148084720381,13.157310077369086,0.9201443329687357
RandomForestRegressor_best_params_optuna,15.687568651234388,1192.6254440314108,34.53440956540897,0.4655503736952147
DecisionTreeRegressor_best_params_optuna,14.186966425713074,1028.1678054687382,32.065055831367864,0.5420898055444495
GradientBoostingRegressor_best_params_optuna,14.640742674251511,1223.8105104460221,34.98300316505177,0.5242324327537835
LightGBMRegressor_best_params_optuna,4.074688115314529,138.68217867781652,11.77633978270908,0.9417044407406205
