model,MAE,MSE,RMSE,R2 adjusted
RandomForestRegressor_Baseline,3.128389861158779,130.42082820289286,11.420193877640294,0.9454355897096545
DecisionTreeRegressor_Baseline,3.403955110156495,211.28276771706714,14.535569053775196,0.9063559174415254
GradientBoostingRegressor_Baseline,8.41573032449406,322.53168705701347,17.959167215019004,0.8595306379485765
LightGBMRegressor_Baseline,5.157710217415318,171.08842680795973,13.08007747713903,0.923859948347835
RandomForestRegressor_best_params_optuna,8.314444894343897,351.0713844897198,18.73689900943376,0.7799366111565242
DecisionTreeRegressor_best_params_optuna,13.862503917048237,907.3691563056856,30.12256888623023,0.6201759160498288
GradientBoostingRegressor_best_params_optuna,4.189071321290064,144.50258473693512,12.020922790573739,0.9462921623694521
LightGBMRegressor_best_params_optuna,4.252554859106786,159.7864951379602,12.640668302663439,0.9386330692511128
