model,MAE,MSE,RMSE,R2 adjusted
RandomForestRegressor_Baseline,3.0081013638598253,121.42912949257841,11.019488622099413,0.9503906677051033
DecisionTreeRegressor_Baseline,3.40251481270262,207.0570250485573,14.389476190902757,0.9109501020690222
GradientBoostingRegressor_Baseline,8.424671000480883,355.6094757597553,18.85761055276504,0.8511420710309112
LightGBMRegressor_Baseline,5.385559237033022,190.70373195759655,13.809552199749149,0.9207439634187411
RandomForestRegressor_best_params_optuna,7.4713264977362455,296.1437677764969,17.20882819300887,0.8319928535042509
DecisionTreeRegressor_best_params_optuna,13.654403646507696,988.2785392682827,31.436897736072538,0.5957953540700955
GradientBoostingRegressor_best_params_optuna,3.787690728103931,117.04329194827316,10.8186548123264,0.9556256727699599
LightGBMRegressor_best_params_optuna,6.020218458387119,229.1241237739138,15.136846559766463,0.9116931429551891
